Ortiz, David,120074,2016,.003,-0.016,93.2,
Beltre, Adrian,134181,2016,.010,.012,90.1,
Beltran, Carlos,136860,2016,.027,.081,90.1,
Werth, Jayson,150029,2016,-0.002,.002,91.4,
Martinez, Victor,400121,2016,.004,-0.030,90,
Utley, Chase,400284,2016,-0.007,.007,87.7,
Pujols, Albert,405395,2016,-0.017,-0.065,91.6,
Mauer, Joe,408045,2016,-0.019,-0.059,89.8,
Cabrera, Miguel,408234,2016,-0.016,-0.113,93.6,
Gonzalez, Adrian,408236,2016,.014,.015,88.2,
Phillips, Brandon,408252,2016,.029,.043,86.4,
Upton Jr., B.J.,425834,2016,.008,.013,88.3,
Molina, Yadier,425877,2016,.026,.010,87.7,
Cano, Robinson,429664,2016,.015,.055,90.1,
Encarnacion, Edwin,429665,2016,.000,-0.006,90.8,
Bautista, Jose,430832,2016,-0.018,.020,91.5,
Jones, Adam,430945,2016,.005,-0.023,88.7,
Martin, Russell,431145,2016,.007,-0.011,89.2,
Granderson, Curtis,434158,2016,-0.007,.040,87.8,
Pagan, Angel,434636,2016,-0.008,.028,85.7,
Ramirez, Hanley,434670,2016,.024,.037,90.6,
Morales, Kendrys,434778,2016,-0.027,-0.085,92.8,
Kendrick III, Howie,435062,2016,-0.013,-0.050,90.5,
Napoli, Mike,435063,2016,.020,-0.004,89.6,
Kinsler, Ian,435079,2016,.022,.067,87.1,
Desmond, Ian,435622,2016,.027,.022,90.7,
Cruz Jr., Nelson,443558,2016,.009,-0.037,94.6,
Trumbo, Mark,444432,2016,-0.010,-0.013,92.8,
Escobar, Alcides,444876,2016,.017,.028,84,
Prado, Martin,445988,2016,.021,.047,87.9,
Longoria, Evan,446334,2016,.004,-0.016,90.8,
Cozart, Zack,446359,2016,.013,.065,86.3,
Davis, Chris,448801,2016,.002,-0.031,91.1,
Zobrist, Ben,450314,2016,-0.004,.028,89.2,
Fowler, Dexter,451594,2016,.021,.042,88.1,
Headley, Chase,452104,2016,.012,.007,87.3,
Span, Denard,452655,2016,-0.013,-0.004,86,
Cabrera, Asdrubal,452678,2016,.026,.050,89,
Ellsbury, Jacoby,453056,2016,-0.004,.014,86.9,
Tulowitzki, Troy,453064,2016,-0.012,-0.046,90,
Blackmon, Charlie,453568,2016,.028,.071,87.7,
Frazier, Todd,453943,2016,.005,.036,89,
Markakis, Nick,455976,2016,-0.007,-0.018,90.7,
Pedroia, Dustin,456030,2016,.033,.046,88.6,
Nunez, Eduardo,456488,2016,.033,.042,89.6,
McCutchen, Andrew,457705,2016,-0.003,-0.027,89.6,
Upton, Justin,457708,2016,-0.005,-0.017,91.2,
Turner, Justin,457759,2016,.000,.010,90.6,
Posey III, Buster,457763,2016,.000,-0.046,90.5,
Espinosa, Danny,457787,2016,.012,.017,90.1,
Bruce, Jay,457803,2016,.002,.042,88.9,
Votto, Joey,458015,2016,.026,.019,89.5,
Gardner, Brett,458731,2016,.009,.017,86.5,
Saunders, Michael,459431,2016,.019,.074,90,
Braun, Ryan,460075,2016,.023,.069,90,
Gordon, Alex,460086,2016,-0.009,-0.041,87.8,
Kemp, Matt,461314,2016,.001,-0.022,88.2,
Andrus, Elvis,462101,2016,.024,.056,87.4,
Cabrera, Melky,466320,2016,.019,.071,89.5,
Ramos, Wilson,467092,2016,.027,.014,90.8,
Santana, Carlos,467793,2016,-0.016,-0.014,90.8,
Gonzalez, Carlos,471865,2016,.023,.043,90.2,
Mercer, Jordy,474568,2016,.011,.025,86.9,
Belt, Brandon,474832,2016,.009,-0.019,87.2,
Carter, Chris,474892,2016,-0.015,-0.035,91.7,
Alonso, Yonder,475174,2016,-0.006,-0.031,88.6,
Escobar, Yunel,488862,2016,.024,.009,89.3,
Cespedes, Yoenis,493316,2016,-0.002,.006,91.7,
Ramirez, Alexei,493351,2016,-0.002,.029,84.5,
Davis, Khris,501981,2016,-0.004,-0.038,92,
Martinez, J.D.,502110,2016,.014,-0.035,91.5,
Valencia, Danny,502143,2016,.011,-0.021,90.1,
Murphy, Daniel,502517,2016,.030,.033,90.7,
Goldschmidt, Paul,502671,2016,.026,.032,91,
Gonzalez, Marwin,503556,2016,.020,.012,89.3,
Altuve, Jose,514888,2016,.020,.006,88.3,
Hernandez, Cesar,514917,2016,.026,.044,87,
Segura, Jean,516416,2016,.045,.041,89,
Castro, Starlin,516770,2016,.008,.015,88.5,
Marte, Starling,516782,2016,.031,.023,87.5,
Donaldson, Josh,518626,2016,.006,-0.001,92.2,
Freeman, Freddie,518692,2016,.021,.003,91.3,
Heyward, Jason,518792,2016,-0.021,-0.024,86.8,
LeMahieu, DJ,518934,2016,.011,.005,91.8,
Lucroy, Jonathan,518960,2016,.018,.032,87.6,
Moreland, Mitch,519048,2016,-0.022,-0.050,90.6,
Rizzo, Anthony,519203,2016,.028,.059,89.1,
Vogt, Stephen,519390,2016,-0.009,-0.007,85.9,
Galvis, Freddy,520471,2016,.012,.055,87.4,
Perez, Salvador,521692,2016,.010,.041,88.8,
Forsythe, Logan,523253,2016,-0.007,-0.033,90,
Inciarte, Ender,542255,2016,.027,.051,85.5,
Ozuna, Marcell,542303,2016,-0.010,-0.017,90.8,
Villar, Jonathan,542340,2016,.044,.080,90.3,
Crawford, Brandon,543063,2016,.023,.022,88.9,
Harrison, Josh,543281,2016,.045,.038,86.5,
Hosmer, Eric,543333,2016,.007,-0.006,92,
Kipnis, Jason,543401,2016,.006,.019,89.9,
Miller, Brad,543543,2016,.001,.043,90.6,
Rendon, Anthony,543685,2016,.003,-0.003,91.1,
Semien, Marcus,543760,2016,.016,.029,88,
Shaw, Travis,543768,2016,.009,.003,88.6,
Springer III, George,543807,2016,.001,-0.010,89.4,
Gregorius, Didi,544369,2016,.028,.094,86.1,
Trout, Mike,545361,2016,.011,-0.022,90.9,
Herrera, Odubel,546318,2016,.050,.064,87.7,
Harper, Bryce,547180,2016,-0.006,.003,89,
Martin, Leonys,547982,2016,.024,.046,87.6,
Abreu, Jose,547989,2016,.012,.001,89.7,
Suarez, Eugenio,553993,2016,.012,.018,86.6,
Polanco, Gregory,570256,2016,-0.015,.023,89.9,
Schoop, Jonathan,570731,2016,.016,.047,87.4,
Arenado, Nolan,571448,2016,.034,.096,89.5,
Gennett, Scooter,571697,2016,.035,.073,86.9,
Lamb, Jake,571875,2016,.003,.043,91.3,
Myers, Wil,571976,2016,.007,.028,88.6,
Piscotty, Stephen,572039,2016,.011,-0.003,88.3,
Seager, Kyle,572122,2016,-0.014,-0.013,90.4,
Carpenter, Matt,572761,2016,-0.016,-0.038,90.7,
Dickerson, Corey,572816,2016,.012,.027,89,
Dozier, Brian,572821,2016,.034,.089,88.1,
Iglesias, Jose,578428,2016,.004,.025,83.6,
Hechavarria, Adeiny,588751,2016,-0.035,-0.047,88.1,
Bryant, Kris,592178,2016,.025,.008,89.3,
Machado, Manny,592518,2016,.002,.006,90.3,
Realmuto, J.T.,592663,2016,.037,.041,88.6,
Yelich, Christian,592885,2016,-0.008,-0.029,92.6,
Bogaerts, Xander,593428,2016,.037,.044,89,
Calhoun, Kole,594777,2016,.000,-0.016,89.8,
Duvall, Adam,594807,2016,-0.006,.007,88.6,
Eaton, Adam,594809,2016,.016,.031,89,
Lindor, Francisco,596019,2016,.013,.011,88.7,
Odor, Rougned,596059,2016,.018,.044,89.6,
Cuthbert, Cheslor,596144,2016,.042,.084,89.3,
Franco, Maikel,596748,2016,-0.004,.000,89.5,
Bradley Jr., Jackie,598265,2016,.022,.047,90.3,
Betts, Mookie,605141,2016,.040,.088,89.7,
Panik, Joe,605412,2016,-0.020,-0.020,86.3,
Pillar, Kevin,607680,2016,.008,.015,87.1,
Ramirez, Jose,608070,2016,.022,.046,88.4,
Russell, Addison,608365,2016,.007,.007,87.6,
Seager, Corey,608369,2016,.004,-0.009,91.1,
Mazara, Nomar,608577,2016,.004,-0.007,88,
Garcia, Adonis,611177,2016,-0.007,-0.017,89,
Correa, Carlos,621043,2016,-0.011,-0.029,91,
Tomas, Yasmany,630111,2016,-0.002,.017,90.6,
Hunter, Torii,116338,2015,.006,.033,88.5,
Ortiz, David,120074,2015,-0.028,-0.063,93,
Rodriguez, Alex,121347,2015,.003,-0.008,91.3,
Ramirez, Aramis,133380,2015,.006,.018,87.4,
Beltre, Adrian,134181,2015,-0.008,-0.029,89.5,
Beltran, Carlos,136860,2015,.002,.023,90.6,
Rollins, Jimmy,276519,2015,-0.010,.019,85.8,
Pujols, Albert,405395,2015,-0.024,-0.001,90.7,
Byrd, Marlon,407781,2015,.010,.019,86.4,
Mauer, Joe,408045,2015,-0.010,-0.046,89.5,
Cabrera, Miguel,408234,2015,.015,-0.061,93.8,
Gonzalez, Adrian,408236,2015,-0.005,-0.015,88.7,
Phillips, Brandon,408252,2015,.004,.005,86.3,
Reyes, Jose,408314,2015,.029,.075,84.6,
Peralta, Jhonny,425509,2015,.002,-0.014,88.1,
Choo, Shin-Soo,425783,2015,.022,.019,90.9,
Molina, Yadier,425877,2015,.033,.022,86.4,
Fielder, Prince,425902,2015,.028,.008,90.9,
Cano, Robinson,429664,2015,-0.008,-0.030,91,
Encarnacion, Edwin,429665,2015,.013,.040,90,
Howard, Ryan,429667,2015,-0.039,-0.077,91.3,
Bautista, Jose,430832,2015,-0.010,.022,92,
Jones, Adam,430945,2015,.004,-0.004,88.2,
Aybar, Erick,430947,2015,-0.005,-0.014,85.7,
Martin, Russell,431145,2015,.005,.044,89.2,
Granderson, Curtis,434158,2015,.004,.000,89.4,
Pagan, Angel,434636,2015,.010,.001,86.3,
Morales, Kendrys,434778,2015,.004,-0.021,92,
Kinsler, Ian,435079,2015,.022,.045,86.1,
McCann, Brian,435263,2015,.011,.056,89.5,
Walker, Neil,435522,2015,.020,.015,88.9,
Desmond, Ian,435622,2015,.014,.021,90.9,
Cruz Jr., Nelson,443558,2015,.017,.020,92.6,
Trumbo, Mark,444432,2015,.010,.007,92,
Peralta, David,444482,2015,.031,.065,91.6,
Escobar, Alcides,444876,2015,-0.005,-0.009,84.6,
Prado, Martin,445988,2015,.014,.021,89,
Duda, Lucas,446263,2015,-0.010,-0.021,92,
Longoria, Evan,446334,2015,.010,-0.031,89.6,
Davis, Chris,448801,2015,.000,-0.027,92,
Zobrist, Ben,450314,2015,.016,.068,88.6,
Fowler, Dexter,451594,2015,.019,.064,87.2,
Headley, Chase,452104,2015,-0.002,-0.030,86.8,
Lind, Adam,452252,2015,.033,.040,89.5,
Cabrera, Asdrubal,452678,2015,.038,.045,88.3,
Tulowitzki, Troy,453064,2015,.023,.023,90,
Blackmon, Charlie,453568,2015,.026,.055,86.9,
Frazier, Todd,453943,2015,.003,.034,89.6,
Markakis, Nick,455976,2015,.033,.034,88.3,
Butler, Billy,456714,2015,.002,-0.051,89.4,
Cain, Lorenzo,456715,2015,.006,.003,90.2,
McCutchen, Andrew,457705,2015,.005,-0.035,90.6,
Jackson, Austin,457706,2015,.006,.005,89.6,
Upton, Justin,457708,2015,.020,.023,89.9,
Maybin, Cameron,457727,2015,-0.001,.004,88.2,
Posey III, Buster,457763,2015,.009,-0.028,89,
Bruce, Jay,457803,2015,-0.016,-0.010,89.8,
Votto, Joey,458015,2015,.026,.002,90.1,
Coghlan, Chris,458085,2015,.006,.041,88.5,
Gardner, Brett,458731,2015,.001,.005,88.8,
Braun, Ryan,460075,2015,.005,-0.004,92.2,
Moss, Brandon,461235,2015,-0.006,-0.057,89.1,
Kemp, Matt,461314,2015,.004,-0.016,89.5,
Plouffe, Trevor,461858,2015,-0.007,-0.006,89.8,
Andrus, Elvis,462101,2015,.009,.021,87.3,
Cervelli, Francisco,465041,2015,.038,.008,88.2,
Cabrera, Melky,466320,2015,-0.002,.022,89.6,
Sandoval, Pablo,467055,2015,.019,.015,88,
Ramos, Wilson,467092,2015,-0.022,-0.054,90.6,
Santana, Carlos,467793,2015,-0.010,-0.013,89.2,
Parra, Gerardo,467827,2015,.032,.063,88.2,
Gonzalez, Carlos,471865,2015,.014,.074,90.3,
Belt, Brandon,474832,2015,.006,-0.029,89.8,
Brantley Jr., Michael,488726,2015,.019,.055,89,
Escobar, Yunel,488862,2015,.031,.017,89.7,
Morrison, Logan,489149,2015,-0.032,-0.053,89.9,
Cespedes, Yoenis,493316,2015,-0.003,-0.004,92.2,
Ramirez, Alexei,493351,2015,.005,.043,84.7,
Solarte, Yangervis,500208,2015,.020,.064,88.1,
Martinez, J.D.,502110,2015,.002,-0.058,91.3,
Reddick, Josh,502210,2015,.006,.032,88.4,
Murphy, Daniel,502517,2015,-0.003,-0.006,89.9,
Goldschmidt, Paul,502671,2015,.042,.012,92,
Altuve, Jose,514888,2015,.051,.077,86.1,
Segura, Jean,516416,2015,.019,.019,86.9,
Castro, Starlin,516770,2015,.024,.006,86.3,
Marte, Starling,516782,2015,.011,-0.011,87.8,
Donaldson, Josh,518626,2015,.018,.023,92.5,
Heyward, Jason,518792,2015,.030,.063,89.1,
LeMahieu, DJ,518934,2015,.025,.009,90.5,
Moreland, Mitch,519048,2015,.001,-0.024,91.4,
Moustakas, Mike,519058,2015,.020,.033,89.4,
Norris, Derek,519083,2015,.030,.079,87.1,
Revere, Ben,519184,2015,.023,.032,83.1,
Rizzo, Anthony,519203,2015,.003,.016,88.7,
Vogt, Stephen,519390,2015,.013,.044,86.9,
Galvis, Freddy,520471,2015,.026,.013,86.1,
Perez, Salvador,521692,2015,-0.005,.011,87.3,
Forsythe, Logan,523253,2015,.031,.051,88.4,
Flores, Wilmer,527038,2015,.027,.069,86.4,
Garcia, Avisail,541645,2015,-0.015,-0.049,88.6,
Inciarte, Ender,542255,2015,.045,.073,85.5,
Burns, Billy,542993,2015,.055,.104,83.2,
Crawford, Brandon,543063,2015,-0.006,-0.022,90.3,
Giavotella, Johnny,543213,2015,.013,.038,85.8,
Gose, Anthony,543238,2015,.030,.058,88.2,
Hosmer, Eric,543333,2015,.007,-0.008,89.8,
Kipnis, Jason,543401,2015,.010,.022,89.4,
Lawrie, Brett,543434,2015,.011,.009,90,
Semien, Marcus,543760,2015,.021,.029,87.1,
Strange-Gordon, Dee,543829,2015,.066,.077,84.4,
Wong, Kolten,543939,2015,.002,.020,87.4,
Gregorius, Didi,544369,2015,.012,.036,85.4,
Trout, Mike,545361,2015,.002,.002,92.9,
Herrera, Odubel,546318,2015,.054,.065,88.7,
Harper, Bryce,547180,2015,.036,.098,91.4,
Abreu, Jose,547989,2015,.020,.046,91,
Polanco, Gregory,570256,2015,-0.001,-0.005,89.9,
Arenado, Nolan,571448,2015,.023,.091,90.6,
Holt, Brock,571788,2015,.027,.048,86.6,
Owings, Chris,572008,2015,.000,-0.003,86.9,
Pollock, AJ,572041,2015,.017,.049,88.9,
Seager, Kyle,572122,2015,-0.016,-0.016,89.3,
Taylor, Michael A.,572191,2015,-0.004,-0.025,88.7,
Carpenter, Matt,572761,2015,-0.013,-0.021,89,
Dozier, Brian,572821,2015,.016,.064,87.2,
Bryant, Kris,592178,2015,.041,.013,89.7,
Castellanos, Nick,592206,2015,-0.002,-0.017,88.3,
Machado, Manny,592518,2015,.019,.050,91.4,
Pederson, Joc,592626,2015,-0.004,-0.014,91.1,
Simmons, Andrelton,592743,2015,-0.009,-0.021,86.5,
Yelich, Christian,592885,2015,-0.003,-0.027,91.7,
Bogaerts, Xander,593428,2015,.049,.059,88,
Calhoun, Kole,594777,2015,.010,.001,86.2,
Eaton, Adam,594809,2015,.038,.081,88.1,
Gattis, Evan,594828,2015,.002,.048,88.9,
Kiermaier, Kevin,595281,2015,-0.005,.042,87.6,
Betts, Mookie,605141,2015,.008,.034,90.4,
Peterson, Jace,607054,2015,-0.006,-0.024,87.1,
Pillar, Kevin,607680,2015,.019,.045,85.8,
Russell, Addison,608365,2015,.038,.058,86.7,
Duffy, Matt,622110,2015,.014,.009,88,
Martinez, Victor,400121,2018,-0.015,-0.053,87.8,
Mauer, Joe,408045,2018,-0.013,-0.069,91.1,
Choo, Shin-Soo,425783,2018,.014,-0.028,89.3,
Molina, Yadier,425877,2018,-0.005,.005,88.2,
Encarnacion, Edwin,429665,2018,.001,-0.005,89.9,
Jones, Adam,430945,2018,.012,.008,88.4,
Kinsler, Ian,435079,2018,-0.008,.012,85.3,
Desmond, Ian,435622,2018,.009,.040,90.1,
Cruz Jr., Nelson,443558,2018,-0.025,-0.050,93.9,
Peralta, David,444482,2018,.015,.047,91.5,
Escobar, Alcides,444876,2018,-0.007,-0.014,84.6,
Jay, Jon,445055,2018,.017,.014,85.2,
Longoria, Evan,446334,2018,-0.006,-0.015,88.5,
Davis, Chris,448801,2018,-0.020,-0.058,89.5,
Zobrist, Ben,450314,2018,.031,.051,89.9,
Cabrera, Asdrubal,452678,2018,.010,.022,90,
Blackmon, Charlie,453568,2018,.015,.057,87.5,
Markakis, Nick,455976,2018,.004,.015,90.6,
Nunez, Eduardo,456488,2018,.007,.039,88.4,
Cain, Lorenzo,456715,2018,.026,.028,89.1,
McCutchen, Andrew,457705,2018,-0.005,-0.020,90,
Upton, Justin,457708,2018,.007,-0.001,90.9,
Votto, Joey,458015,2018,-0.002,-0.058,88.3,
Gardner, Brett,458731,2018,.008,.030,88.1,
Gordon, Alex,460086,2018,-0.008,-0.053,88.5,
Kemp, Matt,461314,2018,.016,-0.043,89.8,
Santana, Carlos,467793,2018,-0.015,-0.002,88.9,
Gonzalez, Carlos,471865,2018,.031,.083,89.7,
Alonso, Yonder,475174,2018,-0.003,-0.020,87.8,
Smoak, Justin,475253,2018,.018,.023,89.5,
Lowrie, Jed,476704,2018,.021,.040,89.2,
Brantley Jr., Michael,488726,2018,.003,.016,90.2,
Gurriel, Yuli,493329,2018,.033,.068,89.3,
Solarte, Yangervis,500208,2018,-0.027,-0.018,87.1,
Rojas, Miguel,500743,2018,-0.012,-0.005,84.7,
Escobar, Eduardo,500871,2018,.025,.058,86.7,
Martinez, Jose,500874,2018,.004,-0.054,91,
Davis, Khris,501981,2018,.000,-0.016,92.5,
Pham, Tommy,502054,2018,-0.012,-0.039,93,
Martinez, J.D.,502110,2018,.023,.009,93,
Goldschmidt, Paul,502671,2018,.019,.001,90.8,
Gonzalez, Marwin,503556,2018,.003,-0.009,89.1,
Altuve, Jose,514888,2018,.027,-0.004,87.2,
Hernandez, Cesar,514917,2018,.010,.004,86,
Segura, Jean,516416,2018,.031,.022,87.8,
Castro, Starlin,516770,2018,.021,-0.002,88.6,
Marte, Starling,516782,2018,.011,.004,88.5,
Dietrich, Derek,518618,2018,.028,.040,87.6,
Freeman, Freddie,518692,2018,.011,-0.027,89.1,
Grandal, Yasmani,518735,2018,.019,.028,89,
LeMahieu, DJ,518934,2018,.000,.009,91.4,
Moustakas, Mike,519058,2018,-0.006,-0.001,89.5,
Rizzo, Anthony,519203,2018,-0.006,.000,90.1,
Stanton, Giancarlo,519317,2018,.025,.035,93.7,
Galvis, Freddy,520471,2018,.029,.034,88.7,
Perez, Salvador,521692,2018,-0.024,-0.039,91.4,
Inciarte, Ender,542255,2018,.011,.039,84.9,
Ozuna, Marcell,542303,2018,-0.005,-0.063,91.5,
Villar, Jonathan,542340,2018,.037,.033,88.5,
Aguilar, Jesus,542583,2018,.021,.053,89.7,
Crawford, Brandon,543063,2018,.003,.019,87.5,
Cron, C.J.,543068,2018,.006,.013,88,
Hicks, Aaron,543305,2018,-0.014,.002,89.7,
Hosmer, Eric,543333,2018,.014,.025,88.7,
Kipnis, Jason,543401,2018,-0.007,-0.005,86.9,
Rendon, Anthony,543685,2018,.007,.000,90.7,
Semien, Marcus,543760,2018,.014,.013,86.8,
Shaw, Travis,543768,2018,-0.002,.021,88.9,
Springer III, George,543807,2018,.012,-0.023,88.7,
Strange-Gordon, Dee,543829,2018,.003,.024,83.6,
Gregorius, Didi,544369,2018,.011,.096,87,
Trout, Mike,545361,2018,.018,.029,91.2,
Herrera, Odubel,546318,2018,.025,.063,87.1,
Harper, Bryce,547180,2018,-0.014,-0.022,91,
Abreu, Jose,547989,2018,-0.012,-0.017,91.3,
Suarez, Eugenio,553993,2018,.008,.011,91.2,
Polanco, Gregory,570256,2018,.010,.056,88.9,
Sanchez, Yolmer,570560,2018,.007,.029,86.7,
Arenado, Nolan,571448,2018,.032,.094,89.8,
Barnhart, Tucker,571466,2018,.009,.021,87.1,
Gennett, Scooter,571697,2018,.053,.084,87.4,
Hamilton, Billy,571740,2018,.014,.061,80.5,
Haniger, Mitch,571745,2018,.008,-0.003,90.2,
Piscotty, Stephen,572039,2018,-0.001,.001,88.5,
Seager, Kyle,572122,2018,-0.025,-0.011,89.8,
Carpenter, Matt,572761,2018,-0.010,-0.019,90.7,
Dickerson, Corey,572816,2018,.013,.020,88.1,
Dozier, Brian,572821,2018,.011,.048,86.8,
Contreras, Willson,575929,2018,.032,.033,88.2,
Castellanos, Nick,592206,2018,.002,-0.025,89.6,
Healy, Ryon,592387,2018,-0.023,-0.027,89.6,
Machado, Manny,592518,2018,.010,.023,91.6,
Realmuto, J.T.,592663,2018,.006,.012,89.1,
Rosario, Eddie,592696,2018,.046,.054,87.7,
Simmons, Andrelton,592743,2018,.017,.030,88.2,
Yelich, Christian,592885,2018,.008,.030,92.6,
Merrifield, Whit,593160,2018,.022,.006,87.1,
Bogaerts, Xander,593428,2018,.012,.031,90.6,
Calhoun, Kole,594777,2018,-0.040,-0.078,90.7,
Profar, Jurickson,595777,2018,.004,.066,87.4,
Baez, Javier,595879,2018,.024,.052,90.6,
Lindor, Francisco,596019,2018,-0.012,.005,90.6,
Odor, Rougned,596059,2018,.013,.015,90.7,
Story, Trevor,596115,2018,.025,.055,91,
Kepler, Max,596146,2018,-0.009,.004,89.5,
Bradley Jr., Jackie,598265,2018,-0.027,-0.060,92.2,
Candelario, Jeimer,600869,2018,.018,.043,87.1,
Ahmed, Nick,605113,2018,-0.005,.042,86.9,
Anderson, Brian,605119,2018,.012,-0.007,90.2,
Bell, Josh,605137,2018,.004,-0.006,90.2,
Betts, Mookie,605141,2018,.037,.036,92.2,
Smith, Mallex,605480,2018,.041,.067,85.8,
Hernandez, Teoscar,606192,2018,.005,-0.030,91.8,
Peraza, Jose,606299,2018,.015,.033,85.8,
Marte, Ketel,606466,2018,.002,.040,88.9,
Nimmo, Brandon,607043,2018,.021,.080,90,
Turner, Trea,607208,2018,-0.002,.001,89.1,
Pillar, Kevin,607680,2018,-0.028,-0.005,87.3,
Ramirez, Jose,608070,2018,.009,.082,89,
Bregman, Alex,608324,2018,.015,.064,89.4,
Gallo, Joey,608336,2018,-0.027,-0.050,94.4,
Mazara, Nomar,608577,2018,.000,-0.005,90.5,
Andujar, Miguel,609280,2018,.022,.093,89.2,
Swanson, Dansby,621020,2018,.008,.034,88,
Taylor, Chris,621035,2018,.015,.038,88.9,
Wendle, Joey,621563,2018,.040,.068,88.8,
Olson, Matt,621566,2018,-0.005,-0.049,93.3,
Duffy, Matt,622110,2018,.025,.015,86.8,
Margot, Manuel,622534,2018,-0.006,.017,89.4,
Camargo, Johan,622666,2018,.035,.084,88.1,
Conforto, Michael,624424,2018,.003,.023,88,
Anderson, Tim,641313,2018,.014,.044,85.9,
Bellinger, Cody,641355,2018,.022,.037,89.8,
Mancini III, Trey,641820,2018,-0.009,-0.017,89.9,
Rosario, Amed,642708,2018,.003,.017,87.7,
Benintendi, Andrew,643217,2018,.008,.014,88.6,
Albies, Ozzie,645277,2018,.011,.049,86.9,
Chapman, Matt,656305,2018,.021,.076,93.1,
Hoskins, Rhys,656555,2018,.015,.044,89,
Schwarber, Kyle,656941,2018,-0.005,-0.002,90.7,
Moncada, Yoan,660162,2018,.024,.019,91,
Beltran, Carlos,136860,2017,.002,.015,87.3,
Pujols, Albert,405395,2017,-0.020,-0.055,88.7,
Mauer, Joe,408045,2017,-0.003,-0.052,90.6,
Cabrera, Miguel,408234,2017,-0.031,-0.120,91.1,
Phillips, Brandon,408252,2017,.013,.036,84.6,
Reyes, Jose,408314,2017,.004,.062,84.3,
Choo, Shin-Soo,425783,2017,-0.008,-0.052,88.7,
Molina, Yadier,425877,2017,.001,-0.022,87.9,
Cano, Robinson,429664,2017,-0.014,-0.032,90.3,
Encarnacion, Edwin,429665,2017,-0.008,-0.024,89.2,
Bautista, Jose,430832,2017,-0.007,-0.012,88.4,
Jones, Adam,430945,2017,.022,.028,86.9,
Granderson, Curtis,434158,2017,-0.013,-0.002,87.7,
Ramirez, Hanley,434670,2017,-0.021,-0.050,88.5,
Morales, Kendrys,434778,2017,-0.020,-0.065,91.1,
Kinsler, Ian,435079,2017,-0.020,-0.016,86.3,
Cruz Jr., Nelson,443558,2017,.001,-0.042,93.2,
Trumbo, Mark,444432,2017,-0.002,-0.002,89.8,
Peralta, David,444482,2017,.031,.047,88,
Escobar, Alcides,444876,2017,-0.003,.002,84,
Longoria, Evan,446334,2017,.012,.013,86.7,
Cozart, Zack,446359,2017,.043,.149,85.8,
Reynolds, Mark,448602,2017,.044,.068,87.2,
Davis, Chris,448801,2017,-0.008,-0.024,90,
Headley, Chase,452104,2017,.023,.019,87.3,
Pence, Hunter,452254,2017,.006,-0.038,89,
Span, Denard,452655,2017,-0.011,.018,85.3,
Cabrera, Asdrubal,452678,2017,.016,.004,87.2,
Blackmon, Charlie,453568,2017,.042,.086,87.3,
Frazier, Todd,453943,2017,-0.018,-0.020,87.5,
Markakis, Nick,455976,2017,.006,.002,88.3,
Cain, Lorenzo,456715,2017,.001,.011,89.1,
McCutchen, Andrew,457705,2017,-0.004,.005,88.4,
Upton, Justin,457708,2017,.018,.033,88.8,
Turner, Justin,457759,2017,.024,-0.016,89.4,
Posey III, Buster,457763,2017,.043,.020,88.7,
Bruce, Jay,457803,2017,-0.007,.006,88.4,
Votto, Joey,458015,2017,.022,.024,87.5,
Gardner, Brett,458731,2017,-0.006,.023,86.4,
Joyce, Matt,459964,2017,-0.009,-0.002,88.1,
Gordon, Alex,460086,2017,-0.017,-0.043,86.3,
Andrus, Elvis,462101,2017,.033,.066,86.5,
Cabrera, Melky,466320,2017,-0.012,-0.003,88.3,
Santana, Carlos,467793,2017,-0.007,-0.007,88.6,
Gonzalez, Carlos,471865,2017,.028,.059,87.5,
Mercer, Jordy,474568,2017,.002,.034,85.8,
Alonso, Yonder,475174,2017,.008,.010,89.1,
Smoak, Justin,475253,2017,-0.008,-0.036,89.6,
Zimmerman, Ryan,475582,2017,.013,.020,91.4,
Lowrie, Jed,476704,2017,-0.012,-0.032,88.9,
Morrison, Logan,489149,2017,-0.007,.008,88.6,
Gurriel, Yuli,493329,2017,.012,.052,90.1,
Solarte, Yangervis,500208,2017,.014,.041,85.4,
Freese, David,501896,2017,.005,-0.024,88.9,
Davis, Khris,501981,2017,-0.012,-0.045,92.3,
Pham, Tommy,502054,2017,.023,.035,89.6,
Reddick, Josh,502210,2017,.023,.044,87.7,
Murphy, Daniel,502517,2017,.021,.051,89.6,
Goldschmidt, Paul,502671,2017,.014,.004,91.5,
Gonzalez, Marwin,503556,2017,.056,.123,88.7,
Altuve, Jose,514888,2017,.055,.070,86.1,
Hernandez, Cesar,514917,2017,.023,.024,85.8,
Segura, Jean,516416,2017,.028,.022,87.6,
Freeman, Freddie,518692,2017,.015,-0.008,89.7,
LeMahieu, DJ,518934,2017,.006,.005,89.3,
Moreland, Mitch,519048,2017,-0.026,-0.090,89.3,
Moustakas, Mike,519058,2017,.004,.029,87.4,
Rizzo, Anthony,519203,2017,-0.012,-0.015,88.4,
Souza Jr., Steven,519306,2017,.001,.007,88.8,
Stanton, Giancarlo,519317,2017,.006,.042,91.9,
Thames, Eric,519346,2017,.020,.063,88.2,
Galvis, Freddy,520471,2017,.013,.022,86.3,
Garcia, Avisail,541645,2017,.035,-0.006,90.3,
Inciarte, Ender,542255,2017,.040,.059,82.8,
Ozuna, Marcell,542303,2017,.029,.032,90.8,
Beckham, Tim,542921,2017,.018,.008,88.4,
Crawford, Brandon,543063,2017,.012,.009,87.5,
Harrison, Josh,543281,2017,.020,.042,84.9,
Hosmer, Eric,543333,2017,.032,.045,89.8,
Rendon, Anthony,543685,2017,.027,.054,89.8,
Shaw, Travis,543768,2017,.022,.074,88.6,
Springer III, George,543807,2017,-0.004,-0.005,89.2,
Strange-Gordon, Dee,543829,2017,.047,.058,81.6,
Gregorius, Didi,544369,2017,.026,.094,84.4,
Trout, Mike,545361,2017,.012,.041,88.8,
Herrera, Odubel,546318,2017,.020,.044,87.2,
Abreu, Jose,547989,2017,.015,.033,90.6,
Suarez, Eugenio,553993,2017,-0.001,.022,86.3,
Santana, Domingo,570267,2017,.013,.046,89.2,
Sanchez, Yolmer,570560,2017,.024,.051,84.9,
Schoop, Jonathan,570731,2017,.023,.063,87.9,
Arenado, Nolan,571448,2017,.031,.068,88.8,
Hamilton, Billy,571740,2017,.008,.047,80.5,
Joseph, Tommy,571830,2017,.002,.032,89.2,
Lamb, Jake,571875,2017,-0.005,.022,88.3,
Myers, Wil,571976,2017,.009,.025,89.5,
Seager, Kyle,572122,2017,-0.008,-0.026,88.3,
Carpenter, Matt,572761,2017,-0.014,-0.032,89.7,
Dickerson, Corey,572816,2017,.023,.041,87.2,
Dozier, Brian,572821,2017,.027,.030,87.9,
Bryant, Kris,592178,2017,.035,.041,87,
Castellanos, Nick,592206,2017,-0.020,-0.050,89,
Gamel, Ben,592325,2017,.021,.035,86.3,
Healy, Ryon,592387,2017,.021,.015,88.2,
Judge, Aaron,592450,2017,-0.003,-0.036,94.9,
Machado, Manny,592518,2017,-0.025,-0.049,91.3,
Realmuto, J.T.,592663,2017,-0.001,.007,88.2,
Rosario, Eddie,592696,2017,.026,.031,87.2,
Simmons, Andrelton,592743,2017,.016,.039,86.2,
Yelich, Christian,592885,2017,-0.005,-0.021,90.6,
Merrifield, Whit,593160,2017,.013,.007,87.6,
Bogaerts, Xander,593428,2017,.030,.072,87.3,
Polanco, Jorge,593871,2017,.016,.048,85,
Calhoun, Kole,594777,2017,-0.004,-0.019,88.3,
Duvall, Adam,594807,2017,.023,.060,87.3,
Schebler, Scott,594988,2017,-0.024,-0.011,89.1,
Baez, Javier,595879,2017,.034,.052,87.9,
Lindor, Francisco,596019,2017,-0.006,.007,89,
Odor, Rougned,596059,2017,-0.026,-0.007,89.1,
Story, Trevor,596115,2017,.023,.051,89.4,
Sanchez, Gary,596142,2017,-0.007,-0.007,90.8,
Kepler, Max,596146,2017,-0.001,.051,88.7,
Franco, Maikel,596748,2017,-0.016,.013,88.9,
Bradley Jr., Jackie,598265,2017,.001,-0.017,88.3,
Bell, Josh,605137,2017,-0.006,.037,87.6,
Betts, Mookie,605141,2017,-0.009,.026,88.4,
Panik, Joe,605412,2017,.032,.047,85,
Arcia, Orlando,606115,2017,.034,.055,85.7,
Peraza, Jose,606299,2017,-0.023,-0.040,82.8,
Pillar, Kevin,607680,2017,-0.013,.003,86,
Ramirez, Jose,608070,2017,.016,.096,88.2,
Bregman, Alex,608324,2017,.006,.033,87.6,
Gallo, Joey,608336,2017,-0.015,-0.022,93.3,
Seager, Corey,608369,2017,-0.005,-0.042,89.7,
Mazara, Nomar,608577,2017,.005,-0.001,89,
Swanson, Dansby,621020,2017,-0.012,-0.019,86.9,
Taylor, Chris,621035,2017,.018,.045,87.1,
Buxton, Byron,621439,2017,.017,.026,88.1,
Margot, Manuel,622534,2017,.004,.040,85.3,
Puig, Yasiel,624577,2017,-0.005,-0.001,88.5,
Anderson, Tim,641313,2017,.011,.015,85.6,
Bellinger, Cody,641355,2017,.013,.043,90.8,
Mancini III, Trey,641820,2017,.029,.008,88.6,
Benintendi, Andrew,643217,2017,.007,-0.009,87.5,
Cabrera, Miguel,408234,2021,.022,-0.034,91.4,
Cruz Jr., Nelson,443558,2021,.000,-0.017,92.9,
Peralta, David,444482,2021,.016,.057,89.3,
Blackmon, Charlie,453568,2021,-0.022,-0.046,87.6,
McCutchen, Andrew,457705,2021,-0.018,.013,88.8,
Turner, Justin,457759,2021,.008,.001,90.9,
Votto, Joey,458015,2021,-0.008,-0.029,92.9,
Andrus, Elvis,462101,2021,-0.030,-0.055,87.8,
Santana, Carlos,467793,2021,-0.030,-0.080,89.9,
Lowrie, Jed,476704,2021,-0.014,-0.067,90.7,
Brantley Jr., Michael,488726,2021,-0.001,-0.029,89.5,
Gurriel, Yuli,493329,2021,.048,.076,89.8,
Rojas, Miguel,500743,2021,.016,.047,86.2,
Escobar, Eduardo,500871,2021,.004,.017,87,
Pham, Tommy,502054,2021,-0.029,-0.060,90.8,
Martinez, J.D.,502110,2021,-0.002,-0.016,92.1,
Goldschmidt, Paul,502671,2021,.001,-0.061,92.6,
Altuve, Jose,514888,2021,.017,.069,87.6,
Hernandez, Cesar,514917,2021,-0.011,.000,87.4,
Segura, Jean,516416,2021,.024,.040,87.2,
Marte, Starling,516782,2021,.033,.020,87.6,
Donaldson, Josh,518626,2021,-0.022,-0.067,94.1,
Freeman, Freddie,518692,2021,-0.020,-0.080,91.4,
LeMahieu, DJ,518934,2021,-0.015,-0.035,90.6,
Rizzo, Anthony,519203,2021,-0.013,.006,90.1,
Stanton, Giancarlo,519317,2021,.011,.018,95.1,
Perez, Salvador,521692,2021,-0.003,-0.022,93,
Garcia, Avisail,541645,2021,-0.015,-0.024,90.4,
Villar, Jonathan,542340,2021,.014,.028,88,
Aguilar, Jesus,542583,2021,.001,.006,89.6,
Crawford, Brandon,543063,2021,.039,.030,88.8,
Cron, C.J.,543068,2021,.020,.049,88.8,
Grossman, Robbie,543257,2021,.005,.016,87.8,
Harrison, Josh,543281,2021,.001,-0.020,87.2,
Hosmer, Eric,543333,2021,.001,-0.012,90.5,
Semien, Marcus,543760,2021,.020,.083,89.7,
Grichuk, Randal,545341,2021,.006,.018,89.8,
Harper, Bryce,547180,2021,.008,.005,92.5,
Abreu, Jose,547989,2021,.009,.024,92,
Suarez, Eugenio,553993,2021,-0.017,-0.027,89.1,
Schoop, Jonathan,570731,2021,.020,.031,88.1,
Arenado, Nolan,571448,2021,.007,.074,89,
Farmer, Kyle,571657,2021,.011,.033,87.2,
Haniger, Mitch,571745,2021,-0.009,-0.013,89.3,
Hernandez, Enrique,571771,2021,-0.003,-0.006,90.8,
Muncy, Max,571970,2021,-0.023,-0.056,91.2,
Seager, Kyle,572122,2021,-0.010,-0.016,89,
Taylor, Michael A.,572191,2021,-0.002,-0.035,89.4,
Yastrzemski, Mike,573262,2021,.002,.025,89.5,
Iglesias, Jose,578428,2021,.000,.024,85.4,
Bryant, Kris,592178,2021,.005,.032,88.2,
Canha, Mark,592192,2021,.000,.009,87.3,
Castellanos, Nick,592206,2021,.016,.041,89.8,
Judge, Aaron,592450,2021,-0.021,-0.050,95.8,
Machado, Manny,592518,2021,-0.017,-0.042,93.1,
Realmuto, J.T.,592663,2021,.010,.023,89.6,
Renfroe, Hunter,592669,2021,-0.001,-0.005,90.1,
Merrifield, Whit,593160,2021,.014,.011,86.8,
Bogaerts, Xander,593428,2021,.015,.025,89.6,
Polanco, Jorge,593871,2021,.002,.015,89.4,
Sano, Miguel,593934,2021,.007,.026,93.4,
Duvall, Adam,594807,2021,.001,-0.008,89.8,
Baez, Javier,595879,2021,.024,.038,90.1,
Lindor, Francisco,596019,2021,-0.024,-0.041,90.7,
Story, Trevor,596115,2021,.006,.020,90.6,
Candelario, Jeimer,600869,2021,-0.007,-0.022,88.7,
Bell, Josh,605137,2021,-0.016,-0.012,92.5,
Betts, Mookie,605141,2021,.001,.042,90.3,
Tapia, Raimel,606132,2021,.023,.054,85.7,
Hernandez, Teoscar,606192,2021,.012,-0.013,91.8,
Turner, Trea,607208,2021,.024,.051,89.6,
Ramirez, Jose,608070,2021,-0.018,.027,90,
Gallo, Joey,608336,2021,-0.004,-0.008,91.5,
Swanson, Dansby,621020,2021,-0.003,-0.007,89.3,
Newman, Kevin,621028,2021,-0.029,-0.021,85.3,
Taylor, Chris,621035,2021,.017,.016,88.2,
Correa, Carlos,621043,2021,-0.017,.003,90.2,
Olson, Matt,621566,2021,.007,.033,91.6,
Alonso, Pete,624413,2021,-0.009,-0.023,91,
Frazier, Adam,624428,2021,.017,.035,85.4,
Soler, Jorge,624585,2021,-0.027,-0.062,91.2,
Cronenworth, Jake,630105,2021,-0.016,.011,88.6,
Meadows, Austin,640457,2021,-0.006,.033,89.3,
Anderson, Tim,641313,2021,.025,.021,89.6,
Crawford, J.P.,641487,2021,.016,.037,86.3,
Dozier, Hunter,641531,2021,-0.008,.006,89.9,
Mancini III, Trey,641820,2021,-0.012,-0.020,88.9,
McMahon, Ryan,641857,2021,.010,.023,90.5,
O'Neill, Tyler,641933,2021,.007,-0.023,93,
Rosario, Amed,642708,2021,.014,.040,88.8,
Adames, Willy,642715,2021,.026,.043,89.5,
Benintendi, Andrew,643217,2021,.015,-0.014,89.6,
Kiner-Falefa, Isiah,643396,2021,.004,.008,85.5,
Albies, Ozzie,645277,2021,-0.001,.023,89.6,
Devers, Rafael,646240,2021,-0.012,-0.032,92.9,
Urias, Luis,649966,2021,.008,.018,87.9,
Torres, Gleyber,650402,2021,-0.006,-0.057,87.1,
Diaz, Yandy,650490,2021,.002,-0.012,89.9,
Chapman, Matt,656305,2021,.001,-0.021,89.7,
Mullins II, Cedric,656775,2021,.019,.070,89.4,
Smith, Pavin,656976,2021,.009,.001,87.2,
Verdugo, Alex,657077,2021,.004,-0.020,90,
Moncada, Yoan,660162,2021,.002,-0.014,90.1,
Ohtani, Shohei,660271,2021,-0.012,-0.024,93.9,
Riley, Austin,663586,2021,.022,.019,90.1,
Mountcastle, Ryan,663624,2021,.010,.029,89.1,
Tucker, Kyle,663656,2021,-0.013,-0.023,91.4,
India, Jonathan,663697,2021,.010,.016,87.6,
Grisham, Trent,663757,2021,.001,.045,88.8,
Lowe, Nathaniel,663993,2021,.028,.013,90.8,
Happ, Ian,664023,2021,.006,.037,89.5,
France, Ty,664034,2021,.021,.009,88.5,
Lowe, Brandon,664040,2021,-0.003,.023,89.3,
Fletcher, David,664058,2021,-0.011,.003,82.3,
Straw, Myles,664702,2021,.009,.009,87.1,
Walsh, Jared,665120,2021,.020,.073,89.6,
Tatis Jr., Fernando,665487,2021,.003,-0.007,93.9,
Guerrero Jr., Vladimir,665489,2021,.004,.007,95.1,
Soto, Juan,665742,2021,.008,-0.011,93,
Chisholm Jr., Jazz,665862,2021,.010,.016,90.2,
Bichette, Bo,666182,2021,.007,-0.006,91.4,
Carlson, Dylan,666185,2021,.019,.030,88.2,
Garcia, Adolis,666969,2021,.020,.028,91,
Gurriel Jr., Lourdes,666971,2021,.004,.004,89.7,
Arozarena, Randy,668227,2021,.052,.090,89.9,
Reynolds, Bryan,668804,2021,.008,-0.002,89.4,
Rojas, Josh,668942,2021,.027,.054,88.2,
Edman, Tommy,669242,2021,-0.012,-0.014,87.5,
Solak, Nick,669256,2021,.004,.001,86.9,
Hays, Austin,669720,2021,.011,.029,88.8,
Lopez, Nicky,670032,2021,.061,.073,86.8,
Alvarez, Yordan,670541,2021,-0.002,-0.039,93.2,
Pujols, Albert,405395,2019,-0.007,.002,88.3,
Cabrera, Miguel,408234,2019,.012,-0.042,90.4,
Choo, Shin-Soo,425783,2019,.001,-0.025,91.9,
Jones, Adam,430945,2019,.003,-0.016,86.1,
Cruz Jr., Nelson,443558,2019,.021,.002,93.7,
Longoria, Evan,446334,2019,-0.015,-0.054,89.7,
Fowler, Dexter,451594,2019,-0.012,-0.013,85.5,
Cabrera, Asdrubal,452678,2019,.022,.033,89.1,
Blackmon, Charlie,453568,2019,.017,.045,88.7,
Cain, Lorenzo,456715,2019,-0.027,-0.043,89.5,
Turner, Justin,457759,2019,.004,-0.007,90.3,
Votto, Joey,458015,2019,.002,-0.035,88.9,
Gardner, Brett,458731,2019,.018,.136,87.7,
Braun, Ryan,460075,2019,.019,.035,91.5,
Gordon, Alex,460086,2019,.010,-0.025,88.7,
Andrus, Elvis,462101,2019,.004,-0.008,88.4,
Ramos, Wilson,467092,2019,.026,.017,90,
Santana, Carlos,467793,2019,.015,.035,91.8,
Belt, Brandon,474832,2019,-0.008,-0.054,87.3,
Brantley Jr., Michael,488726,2019,.018,.030,88.8,
Gurriel, Yuli,493329,2019,.018,.126,89.3,
Rojas, Miguel,500743,2019,.013,.009,87.4,
Escobar, Eduardo,500871,2019,.014,.047,87.8,
Davis, Khris,501981,2019,-0.011,-0.050,90.2,
Pham, Tommy,502054,2019,-0.002,-0.012,90.9,
Martinez, J.D.,502110,2019,.003,-0.009,91.3,
Reddick, Josh,502210,2019,.000,.011,86.1,
Goldschmidt, Paul,502671,2019,.003,-0.034,90.2,
Altuve, Jose,514888,2019,.030,.066,87.4,
Hernandez, Cesar,514917,2019,.015,.034,86.1,
Segura, Jean,516416,2019,.009,.017,88.2,
Castro, Starlin,516770,2019,.003,.001,88.5,
Marte, Starling,516782,2019,-0.002,-0.004,88.6,
Donaldson, Josh,518626,2019,-0.003,-0.009,92.9,
Freeman, Freddie,518692,2019,.001,-0.020,89.7,
Grandal, Yasmani,518735,2019,.005,-0.007,90.7,
Heyward, Jason,518792,2019,-0.004,.033,88.8,
LeMahieu, DJ,518934,2019,.013,-0.005,91.9,
Moustakas, Mike,519058,2019,-0.006,.013,89.5,
Rizzo, Anthony,519203,2019,-0.004,.032,89,
Galvis, Freddy,520471,2019,.025,.051,88.8,
Garcia, Avisail,541645,2019,.011,-0.028,89.5,
Ozuna, Marcell,542303,2019,-0.044,-0.066,91.8,
Villar, Jonathan,542340,2019,.028,.041,88.9,
Santana, Danny,542454,2019,.006,.030,91.4,
Crawford, Brandon,543063,2019,-0.010,-0.045,87.8,
Hosmer, Eric,543333,2019,.016,.014,90.8,
Kipnis, Jason,543401,2019,-0.011,-0.009,88.1,
Rendon, Anthony,543685,2019,.009,.008,90.4,
Semien, Marcus,543760,2019,.018,.032,88.9,
Springer III, George,543807,2019,.009,.013,89.8,
Vazquez, Christian,543877,2019,.026,.036,89.4,
Wong, Kolten,543939,2019,.042,.070,86.2,
Garcia, Leury,544725,2019,.037,.027,88.2,
Grichuk, Randal,545341,2019,-0.005,.028,89.3,
Trout, Mike,545361,2019,-0.019,-0.034,90.9,
Harper, Bryce,547180,2019,-0.013,-0.037,91.9,
Abreu, Jose,547989,2019,.006,-0.013,92.1,
Suarez, Eugenio,553993,2019,.024,.072,89.3,
Santana, Domingo,570267,2019,.003,-0.037,89,
Sanchez, Yolmer,570560,2019,.023,.007,87.1,
Arenado, Nolan,571448,2019,.045,.102,89.4,
Muncy, Max,571970,2019,-0.010,.005,89.8,
Voit III, Luke,572228,2019,.014,-0.036,89.7,
Walker, Christian,572233,2019,-0.003,-0.040,91.1,
Iglesias, Jose,578428,2019,.024,.047,84.1,
Bryant, Kris,592178,2019,.035,.058,87.6,
Castellanos, Nick,592206,2019,.010,-0.016,88.9,
Machado, Manny,592518,2019,-0.009,-0.005,91.2,
Moran, Colin,592567,2019,.017,-0.008,88.2,
Pederson, Joc,592626,2019,.000,.059,91.2,
Realmuto, J.T.,592663,2019,.001,.022,90.3,
Rosario, Eddie,592696,2019,.016,.006,89.2,
Yelich, Christian,592885,2019,.015,.042,93.3,
Merrifield, Whit,593160,2019,.022,.032,87,
Bogaerts, Xander,593428,2019,.037,.077,90.5,
Alberto, Hanser,593643,2019,.026,.030,84.4,
Polanco, Jorge,593871,2019,.024,.021,88,
Calhoun, Kole,594777,2019,-0.010,-0.006,89.5,
Eaton, Adam,594809,2019,.023,.022,88.9,
Profar, Jurickson,595777,2019,-0.030,-0.014,86.6,
Baez, Javier,595879,2019,.017,.025,91.1,
Lindor, Francisco,596019,2019,.011,.054,91,
Odor, Rougned,596059,2019,-0.016,-0.026,91.1,
Story, Trevor,596115,2019,.032,.082,91,
Vogelbach, Daniel,596129,2019,-0.016,-0.001,88.8,
Kepler, Max,596146,2019,-0.007,.061,89.7,
Bradley Jr., Jackie,598265,2019,-0.003,.002,90.2,
Nunez, Renato,600524,2019,-0.008,-0.011,89.9,
Ahmed, Nick,605113,2019,-0.003,.010,87.8,
Anderson, Brian,605119,2019,.008,.014,89.9,
Bell, Josh,605137,2019,-0.008,.005,92.4,
Betts, Mookie,605141,2019,-0.014,-0.053,91,
Smith, Mallex,605480,2019,.025,.050,85.2,
Arcia, Orlando,606115,2019,.001,-0.001,87.9,
Marte, Ketel,606466,2019,.029,.066,90,
Turner, Trea,607208,2019,.018,.042,90.4,
Pillar, Kevin,607680,2019,-0.003,.021,86.4,
Ramirez, Jose,608070,2019,-0.012,.018,89.2,
Bregman, Alex,608324,2019,.030,.135,89.3,
Seager, Corey,608369,2019,.015,.024,88.8,
Reyes, Franmil,614177,2019,-0.010,-0.023,93.3,
Swanson, Dansby,621020,2019,-0.020,-0.055,89.9,
Newman, Kevin,621028,2019,.035,.072,85.3,
Olson, Matt,621566,2019,-0.012,-0.036,92.7,
Alonso, Pete,624413,2019,.004,.033,90.7,
Conforto, Michael,624424,2019,-0.004,-0.007,89.2,
Frazier, Adam,624428,2019,.003,.014,87.1,
Puig, Yasiel,624577,2019,.011,.007,90,
Soler, Jorge,624585,2019,-0.011,-0.026,92.6,
Meadows, Austin,640457,2019,.009,.012,90.4,
Anderson, Tim,641313,2019,.048,.052,88.3,
Bellinger, Cody,641355,2019,-0.015,-0.010,91.2,
Dozier, Hunter,641531,2019,.020,.053,91,
Mancini III, Trey,641820,2019,.014,.032,90.3,
McMahon, Ryan,641857,2019,.007,.019,91.9,
Rosario, Amed,642708,2019,.004,.016,89.3,
Adames, Willy,642715,2019,.004,-0.019,88.5,
Benintendi, Andrew,643217,2019,.004,-0.024,89.1,
McNeil, Jeff,643446,2019,.036,.069,88.9,
Albies, Ozzie,645277,2019,.009,.014,88.9,
Robles, Victor,645302,2019,.024,.051,83.3,
Devers, Rafael,646240,2019,.012,.025,92.5,
Jimenez, Eloy,650391,2019,.001,-0.009,91.1,
Torres, Gleyber,650402,2019,.021,.043,89.1,
Chapman, Matt,656305,2019,-0.002,.002,92.7,
Hoskins, Rhys,656555,2019,.010,.037,89.7,
Schwarber, Kyle,656941,2019,-0.014,-0.024,93.5,
DeJong, Paul,657557,2019,-0.003,.002,87,
Moncada, Yoan,660162,2019,.033,.029,93.1,
Acuna Jr., Ronald,660670,2019,.001,-0.056,90.6,
Fletcher, David,664058,2019,-0.002,.013,83.8,
Guerrero Jr., Vladimir,665489,2019,.016,-0.003,89.4,
Soto, Juan,665742,2019,-0.003,-0.027,92,
Reynolds, Bryan,668804,2019,.021,.029,89.5,
Cabrera, Miguel,408234,2020,-0.038,-0.103,93.2,
Cruz Jr., Nelson,443558,2020,.034,.050,91.6,
Peralta, David,444482,2020,.040,.058,89.2,
Longoria, Evan,446334,2020,-0.028,-0.099,91.7,
Cabrera, Asdrubal,452678,2020,-0.001,.018,89.5,
Blackmon, Charlie,453568,2020,.026,.017,86.9,
Solano, Donovan,456781,2020,.048,.046,88.5,
McCutchen, Andrew,457705,2020,-0.023,-0.051,89.7,
Votto, Joey,458015,2020,-0.027,-0.032,87.4,
Santana, Carlos,467793,2020,-0.052,-0.098,88,
Brantley Jr., Michael,488726,2020,.040,.063,88.7,
Gurriel, Yuli,493329,2020,-0.033,-0.024,89.3,
Escobar, Eduardo,500871,2020,-0.051,-0.061,88.6,
Martinez, J.D.,502110,2020,-0.017,-0.057,89.5,
Reddick, Josh,502210,2020,-0.001,.018,85.9,
Goldschmidt, Paul,502671,2020,.019,-0.044,89.2,
Gonzalez, Marwin,503556,2020,-0.029,-0.081,89.2,
Altuve, Jose,514888,2020,-0.011,-0.005,86.7,
Hernandez, Cesar,514917,2020,.010,.012,89.1,
Segura, Jean,516416,2020,.016,.031,87.7,
Marte, Starling,516782,2020,.017,.010,87.1,
Freeman, Freddie,518692,2020,-0.002,-0.023,92.4,
Grandal, Yasmani,518735,2020,.023,.019,90.3,
LeMahieu, DJ,518934,2020,.049,.125,91.5,
Rizzo, Anthony,519203,2020,-0.044,.001,87.7,
Flores, Wilmer,527038,2020,.023,.085,87.9,
Garcia, Avisail,541645,2020,-0.006,-0.049,87.4,
Ozuna, Marcell,542303,2020,.025,.001,93,
Villar, Jonathan,542340,2020,.020,.011,86,
Aguilar, Jesus,542583,2020,.006,.005,89.3,
Crawford, Brandon,543063,2020,.021,.067,88.7,
Grossman, Robbie,543257,2020,.001,.083,89,
Hicks, Aaron,543305,2020,-0.020,-0.007,88,
Rendon, Anthony,543685,2020,-0.001,.028,90.1,
Semien, Marcus,543760,2020,.018,.027,86.2,
Springer III, George,543807,2020,-0.029,-0.029,88.7,
Vazquez, Christian,543877,2020,.061,.099,88.4,
Wong, Kolten,543939,2020,.030,.020,86.5,
Gregorius, Didi,544369,2020,.021,.092,83.8,
Grichuk, Randal,545341,2020,.019,.039,88.4,
Trout, Mike,545361,2020,-0.010,-0.009,93.7,
Ruiz, Rio,547004,2020,.011,.073,87.7,
Harper, Bryce,547180,2020,-0.040,-0.116,92.5,
Abreu, Jose,547989,2020,.018,.030,92.9,
Suarez, Eugenio,553993,2020,-0.014,-0.002,89.1,
Gonzalez, Erik,570481,2020,-0.010,-0.037,88.5,
Arenado, Nolan,571448,2020,.018,.042,87.8,
Muncy, Max,571970,2020,-0.037,-0.084,88.5,
Myers, Wil,571976,2020,.003,.016,91,
Pollock, AJ,572041,2020,.002,.062,89.6,
Seager, Kyle,572122,2020,-0.011,-0.039,89.1,
Voit III, Luke,572228,2020,-0.009,.004,89.4,
Walker, Christian,572233,2020,.005,.005,90.4,
Dickerson, Corey,572816,2020,.004,.000,85.7,
Yastrzemski, Mike,573262,2020,.046,.080,88.2,
Contreras, Willson,575929,2020,-0.006,-0.034,89.8,
Canha, Mark,592192,2020,.005,-0.007,89.7,
Castellanos, Nick,592206,2020,-0.049,-0.059,91,
Machado, Manny,592518,2020,.000,.035,90.2,
Moran, Colin,592567,2020,-0.007,-0.007,91.9,
Realmuto, J.T.,592663,2020,.020,-0.007,90.2,
Rosario, Eddie,592696,2020,.011,.039,87.5,
Yelich, Christian,592885,2020,-0.045,-0.043,94,
Merrifield, Whit,593160,2020,-0.010,.001,86.1,
Bogaerts, Xander,593428,2020,.041,.028,89,
Alberto, Hanser,593643,2020,.038,.075,82.2,
Polanco, Jorge,593871,2020,-0.005,-0.027,86.6,
Sano, Miguel,593934,2020,-0.011,-0.005,95.2,
Calhoun, Kole,594777,2020,-0.037,.008,89.4,
Duvall, Adam,594807,2020,.008,.015,88.1,
Profar, Jurickson,595777,2020,-0.004,.017,87.2,
Baez, Javier,595879,2020,-0.015,-0.025,89.4,
Lindor, Francisco,596019,2020,-0.021,-0.026,89.9,
Story, Trevor,596115,2020,.036,.062,89.9,
Kepler, Max,596146,2020,-0.030,.014,88.5,
Franco, Maikel,596748,2020,.022,.059,86.7,
Bradley Jr., Jackie,598265,2020,.058,.076,88.4,
La Stella, Tommy,600303,2020,.006,.026,88,
Nunez, Renato,600524,2020,.029,.061,86.3,
Candelario, Jeimer,600869,2020,.020,.032,90.2,
Ahmed, Nick,605113,2020,.019,.025,87.7,
Anderson, Brian,605119,2020,.028,.039,87.4,
Bell, Josh,605137,2020,-0.002,-0.017,91.7,
Betts, Mookie,605141,2020,.009,.077,90.7,
Davis, J.D.,605204,2020,-0.009,-0.040,90.2,
Arcia, Orlando,606115,2020,-0.021,-0.012,89,
Tapia, Raimel,606132,2020,.069,.069,85.3,
Hernandez, Teoscar,606192,2020,-0.009,-0.044,93.2,
Marte, Ketel,606466,2020,.022,.028,89.2,
Nimmo, Brandon,607043,2020,.022,.052,87.2,
Turner, Trea,607208,2020,.032,.073,90.5,
Pillar, Kevin,607680,2020,.016,.027,87.1,
Ramirez, Jose,608070,2020,.028,.100,88.7,
Gallo, Joey,608336,2020,-0.011,-0.040,91.2,
Seager, Corey,608369,2020,-0.024,-0.071,93.2,
Mondesi, Adalberto,609275,2020,.041,.061,90.6,
Reyes, Franmil,614177,2020,.030,.008,92.4,
Swanson, Dansby,621020,2020,.007,-0.010,89.1,
Taylor, Chris,621035,2020,-0.003,-0.016,88,
Correa, Carlos,621043,2020,.010,-0.019,88.8,
Olson, Matt,621566,2020,-0.029,-0.029,92.3,
Reyes, Victor,622682,2020,-0.010,-0.039,90,
Alonso, Pete,624413,2020,.003,.020,90.3,
Biggio, Cavan,624415,2020,.041,.105,87.7,
Conforto, Michael,624424,2020,.040,.033,88.7,
Frazier, Adam,624428,2020,-0.021,-0.014,85.5,
Cronenworth, Jake,630105,2020,-0.038,-0.064,89.8,
Anderson, Tim,641313,2020,.029,.021,87.2,
Bellinger, Cody,641355,2020,-0.046,-0.045,89.3,
Crawford, J.P.,641487,2020,-0.002,-0.022,85.8,
Dozier, Hunter,641531,2020,-0.007,.007,86.4,
Lewis, Kyle,641786,2020,.023,.004,88.3,
McMahon, Ryan,641857,2020,.010,.020,90.1,
Smith, Dominic,642086,2020,.015,.048,90,
Adames, Willy,642715,2020,.030,.087,88.8,
Kiner-Falefa, Isiah,643396,2020,.020,.030,87.2,
McNeil, Jeff,643446,2020,.030,.043,86.5,
Robles, Victor,645302,2020,.015,.035,82.2,
Devers, Rafael,646240,2020,.007,.023,93,
Jimenez, Eloy,650391,2020,.012,.013,92.4,
Schwarber, Kyle,656941,2020,-0.036,-0.052,92.8,
Verdugo, Alex,657077,2020,.070,.109,87,
White, Evan,657108,2020,-0.014,-0.041,91.7,
Laureano, Ramon,657656,2020,-0.017,-0.037,87.7,
Moncada, Yoan,660162,2020,.018,.049,87.8,
Acuna Jr., Ronald,660670,2020,-0.004,-0.015,92.4,
Riley, Austin,663586,2020,-0.026,-0.059,91,
Tucker, Kyle,663656,2020,.003,.058,91.1,
Grisham, Trent,663757,2020,-0.015,-0.028,88.3,
Happ, Ian,664023,2020,-0.003,.036,91.1,
Lowe, Brandon,664040,2020,.008,.004,89.8,
Fletcher, David,664058,2020,.027,.074,84.7,
Tatis Jr., Fernando,665487,2020,-0.020,-0.043,95.9,
Guerrero Jr., Vladimir,665489,2020,.014,.043,92.3,
Soto, Juan,665742,2020,.019,-0.001,92.1,
Gurriel Jr., Lourdes,666971,2020,.023,.041,91.1,
Reynolds, Bryan,668804,2020,-0.039,-0.046,87.5,
Edman, Tommy,669242,2020,-0.016,.001,86.5,
Solak, Nick,669256,2020,.004,-0.044,89.9,
Hiura, Keston,669374,2020,.002,-0.025,87.4,
Lopez, Nicky,670032,2020,-0.037,-0.042,84.9,
Robert, Luis,673357,2020,.012,-0.026,87.9,